series_instance_uid,num_files,op,tag,val1,val2,Operation,edit_description,notify,activity_id
1.3.6.1.4.1.14519.5.2.1.4801.5885.194372676203706186283173165298,184,,,,,BackgroundEditTp,"From PHI Scan: 3","admin",2
1.3.6.1.4.1.14519.5.2.1.4801.5885.157595833287804567960550429707,116
1.3.6.1.4.1.14519.5.2.1.4801.5885.855568664573801416990478461168,167
,,"set_tag","<(0008,0008)>","<HOME>","<>"
